name,address,notes
??$__copy@PAUHorzLine@@PAU1@H@_STL@@YAPAUHorzLine@@PAU1@00ABUrandom_access_iterator_tag@0@PAH@Z,0x0001B91E
??0?$ShareBufferClass@E@@QAE@HPBDH@Z,0x0004B4A7,derived from part_buf matched-caller call sites
??0?$ShareBufferClass@VVector3@@@@QAE@HPBDH@Z,0x00049832,ILT thunk; body 0x5F3BE0
??0?$ShareBufferClass@VVector3@@@@QAE@HPBDH@Z,0x005F3BE0,3-arg aligned-buffer ctor
??0?$ShareBufferClass@VVector4@@@@QAE@HPBDH@Z,0x000281EB
??0Buffer@@QAE@J@Z,0x009E1DA0
??0Buffer@@QAE@PAXJ@Z,0x009E1CE0,Buffer::Buffer(void*, long)
??0BufferPipe@@QAE@PAXH@Z,0x009E2010
??0BufferStraw@@QAE@PBXH@Z,0x00921730
??0CriticalSectionClass@@QAE@XZ,0x009DB420
??0CullSystemClass@@QAE@XZ,0x008E2140
??0GameMessage@@QAE@W4Type@0@@Z,0x000359E5,GameMessage::GameMessage(Type) thunk
??0GameMessageParser@@QAE@XZ,0x00013FCA,GameMessageParser::GameMessageParser() thunk
??0HTreeClass@@QAE@ABV0@@Z,0x009527C0,derived from HTreeClass::Alter_Avatar_HTree
??0LineGroupClass@@QAE@XZ,0x0098E9C0,derived from ParticleBufferClass main ctor aligned call sites
??0LockClass@CriticalSectionClass@@QAE@AAV1@@Z,0x009DB4B0
??0ParticleBufferClass@@QAE@ABV0@@Z,0x00989A20
??0PivotClass@@QAE@ABU0@@Z,0x00972D70,derived from HTreeClass::Alter_Avatar_HTree
??0PointGroupClass@@QAE@XZ,0x00912580,derived from ParticleBufferClass main ctor aligned call sites
??0RenderObjClass@@QAE@ABV0@@Z,0x0091FFE0,base copy ctor; derived from ParticleBufferClass copy ctor site
??0RenderObjClass@@QAE@XZ,0x009204B0,derived from ParticleBufferClass main ctor aligned call sites
??0SegLineRendererClass@@QAE@ABV0@@Z,0x00960990
??0SegLineRendererClass@@QAE@XZ,0x0095FFD0,derived from ParticleBufferClass main ctor aligned call sites
??0file_auto_ptr@@QAE@PAVFileFactoryClass@@PBD@Z,0x009DD4F0
??1Buffer@@QAE@XZ,0x009E1E60
??1BufferStraw@@UAE@XZ,0x00921790
??1CompositeRenderObjClass@@UAE@XZ,0x0091FC10
??1CriticalSectionClass@@QAE@XZ,0x009DB450
??1CullSystemClass@@UAE@XZ,0x008E2150
??1FilePipe@@UAE@XZ,0x009E7DC0
??1FileStraw@@UAE@XZ,0x009E1C50
??1HTreeClass@@QAE@XZ,0x00952790
??1LayoutFilename@@QAE@XZ,0x00887940
??1LockClass@CriticalSectionClass@@QAE@XZ,0x009DB4D0
??1Pipe@@UAE@XZ,0x009E78C0
??1RenderObjClass@@UAE@XZ,0x0091FC10,base dtor; derived from ~ParticleBufferClass call site
??1SegLineRendererClass@@QAE@XZ,0x00960030,derived from ~ParticleBufferClass call site
??1Straw@@UAE@XZ,0x009E1A90
??1file_auto_ptr@@QAE@XZ,0x009DD560
??2@YAPAXI@Z,0x00881F30,operator new body
??3@YAXPAX@Z,0x00881EB0
??4?$VectorClass@VModelNodeClass@HLodClass@@@@QAEAAV0@ABV0@@Z,0x0097ACA0
??4?$vector@U?$pair@W4ObjectID@@I@_STL@@V?$allocator@U?$pair@W4ObjectID@@I@_STL@@@2@@_STL@@QAEAAV01@ABV01@@Z,0x0002DC9F
??4Matrix3@@QAEAAV0@ABVMatrix3D@@@Z,0x008D9150
??4RenderObjClass@@QAEAAV0@ABV0@@Z,0x0091F790
??4SegLineRendererClass@@QAEAAV0@ABV0@@Z,0x009600F0
??4StringClass@@QAEABV0@ABV0@@Z,0x00035FDF
??AModuleTemplateMap@ModuleFactory@@QAEAAVModuleTemplate@1@ABH@Z,0x0002047D,ModuleFactory::ModuleTemplateMap::operator[] thunk (body 0x001296E0)
??_L@YGXPAXIHP6EX0@Z1@Z,0x009F6EE4
??_M@YGXPAXIHP6EX0@Z@Z,0x009F6D76
??_U@YAPAXI@Z,0x00881F30
??_U@YAPAXI@Z,0x00881F70,array operator new flag-2 variant (W3D containers); flag-1 at 0x881F30
??_V@YAXPAX@Z,0x00881EB0
??_V@YAXPAX@Z,0x00881EF0,array operator delete flag-2 variant (W3D containers); flag-1 at 0x881EB0
?Add_To_Collection@CullSystemClass@@IAEXPAVCullableClass@@@Z,0x008E21D0
?Add_To_Static_Sort_List@WW3D@@SAXPAVRenderObjClass@@I@Z,0x008FD4C0
?Allocate_Object_Memory@?$ObjectPoolClass@VGridLinkClass@@$0BAA@@@QAEPAVGridLinkClass@@XZ,0x008DD970
?Allocate_Object_Memory@?$ObjectPoolClass@VMultiListNodeClass@@$0BAA@@@QAEPAVMultiListNodeClass@@XZ,0x009DBDD0
?Base_Update@HTreeClass@@QAEXABVMatrix3D@@@Z,0x009528D0
?Begin_Chunk@ChunkSaveClass@@QAE_NK@Z,0x009E16F0
?Blend_Update@HTreeClass@@QAEXABVMatrix3D@@PAVHAnimClass@@M1MM@Z,0x009546B0
?Close_Chunk@ChunkLoadClass@@QAE_NXZ,0x009E13E0
?Collide@CollisionMath@@SA_NABVAABoxClass@@ABVVector3@@ABVTriClass@@PAUCastResultStruct@@@Z,0x008E0C30
?Combine_Color_And_Alpha@ParticleBufferClass@@IAEXXZ,0x00984CB0,derived from Render_Particles call sites
?Combo_Update@HTreeClass@@QAEXABVMatrix3D@@PAVHAnimComboClass@@@Z,0x00954D90
?Contains_Point@TriClass@@QBE_NABVVector3@@@Z,0x008E1900
?Control_Bone@HTreeClass@@QAEXHABVMatrix3D@@_N@Z,0x00952A60
?Cur_Chunk_ID@ChunkLoadClass@@QAEKXZ,0x009E1440
?Delete@?$List@PAUINISection@@@@QAEXXZ,0x009E2630
?Determine_Tail_Diffuse@ParticleBufferClass@@IAE?AW4TailDiffuseTypeEnum@1@XZ,0x0098B750
?Enable_Fog@ShaderClass@@QAEXPBD@Z,0x00910F90,derived from ParticleBufferClass main ctor aligned call sites
?End_Chunk@ChunkSaveClass@@QAE_NXZ,0x009E17F0
?Fast_Slerp@@YAXAAVQuaternion@@ABV1@1M@Z,0x008DC4C0
?Find_POT@@YAHH@Z,0x00AFFAB0
?Free@DistLODClass@@AAEXXZ,0x00014BC3
?Free_String@StringClass@@AAEXXZ,0x009DB7A0
?Get@Base64Straw@@UAEHPAXH@Z,0x009E7B80
?Get_Bone_Index@HTreeClass@@QBEHPBD@Z,0x00952260
?Get_Bounding_Box@MeshGeometryClass@@QAEXPAVAABoxClass@@@Z,0x00924DD0
?Get_Bounding_Sphere@MeshGeometryClass@@QAEXPAVSphereClass@@@Z,0x00924E70
?Get_First_Collected_Object_Internal@CullSystemClass@@IAEPAVCullableClass@@XZ,0x008E2160
?Get_New_Particles@ParticleBufferClass@@IAEXXZ,0x00987C60
?Get_Next_Collected_Object_Internal@CullSystemClass@@IAEPAVCullableClass@@PAV2@@Z,0x008E2170
?Get_Position@RenderObjClass@@QBE?AVVector3@@XZ,0x009202C0,derived from part_buf matched-caller call sites
?Get_Shader@LineGroupClass@@QAE?AVShaderClass@@XZ,0x0098ED00
?Get_Shader@PointGroupClass@@QAE?AVShaderClass@@XZ,0x00912870
?Get_String@INIClass@@QBEHPBD00PADH@Z,0x009E3DA0
?Get_String@StringClass@@AAEXH_N@Z,0x009DB890
?Get_Texture@ParticleBufferClass@@QBE?AVTextureHandleClass@1@XZ,0x00988F60,sret holder-returning getter
?Get_View_Plane@CameraClass@@QBEXAAVVector2@@0@Z,0x00931DC0,derived from part_buf matched-caller call sites
?Guess_Sort_Level@ShaderClass@@QBEHXZ,0x00910E90
?HideDiplomacy@@YAXXZ,0x000067BC
?HideInGameChat@@YAXXZ,0x00019583
?HideQuitMenu@@YAXXZ,0x0001BF36
?HideSaveLoadMenu@@YAXXZ,0x0000A416
?Init@SegLineRendererClass@@QAEXABUW3dEmitterLinePropertiesStruct@@@Z,0x00960190,derived from ParticleBufferClass main ctor aligned call sites
?Internal_Remove@GenericMultiListClass@@IAE_NPAVMultiListObjectClass@@@Z,0x009DC100
?Intersection_Test@CollisionMath@@SA_NABVSphereClass@@ABVAABoxClass@@@Z,0x008E3600
?Inv_Sqrt@WWMath@@SIMM@Z,0x00027A43,WWMath::Inv_Sqrt (naked __fastcall) incremental-link thunk (body 0x00131C90); called by Quaternion::Normalize and Axis_To_Quat, owned by wwmath.cpp
?Load@INIClass@@QAEHAAVStraw@@@Z,0x009E4680
?MD5Update@@YAXPAUMD5_CTX@@PAEI@Z,0x0086AE20
?Open_Chunk@ChunkLoadClass@@QAE_NXZ,0x009E1380
?Overlap_Test@CollisionMath@@SA?AW4OverlapType@1@ABVFrustumClass@@ABVAABoxClass@@@Z,0x008DB380
?Overlap_Test@CollisionMath@@SA?AW4OverlapType@1@ABVOBBoxClass@@ABVAABoxClass@@@Z,0x008E2310
?Put@Base64Pipe@@UAEHPBXH@Z,0x009E7990
?Put_String@INIClass@@QAE_NPBD00@Z,0x009E3BD0
?Put_To@Pipe@@UAEXPAV1@@Z,0x009E7900
?Random_Float@WWMath@@SAMXZ,0x008D8E00
?Raw_Seek@RawFileClass@@IAEHHH@Z,0x009E6910
?Read@ChunkLoadClass@@QAEKPAXK@Z,0x009E15C0
?Release@Animatable3DObjClass@@IAEXXZ,0x00982090
?ReleaseWindowLayout@@YAXPAVWindowLayout@@@Z,0x00049AD0
?Release_Ref@TextureBaseClass@@QAEXXZ,0x009EB7A0,hider decl in texture.h; WORD refcount+flags release
?Release_Ref@TextureClass@@QAEXXZ,0x009EB7A0,BFME texture release: WORD refcount+flag bits at [this+4]; auto-delete via vtbl slot 8 when bit24 set — TextureClass does NOT derive RefCountClass
?Remove_Index@?$IndexClass@HPAUINIEntry@@@@QAE_NABH@Z,0x009E26A0
?Remove_Index@?$IndexClass@HPAUINISection@@@@QAE_NABH@Z,0x009E2730
?Render@LineGroupClass@@QAEXAAVRenderInfoClass@@@Z,0x0098ED30
?Render@PointGroupClass@@QAEXAAVRenderInfoClass@@H@Z,0x00917B70,derived from Render_Particles call sites; BFME added the int param
?Render_Line@ParticleBufferClass@@IAEXAAVRenderInfoClass@@@Z,0x0098AD00
?Render_Line_Group@ParticleBufferClass@@IAEXAAVRenderInfoClass@@@Z,0x0098B950
?Render_Particles@ParticleBufferClass@@IAEXAAVRenderInfoClass@@@Z,0x0098B800
?Render_Seg_Line@SegmentedLineClass@@IAEXAAVRenderInfoClass@@@Z,0x00950960
?Reset@HAnimComboClass@@QAEXXZ,0x00974DC0
?ResetInGameChat@@YAXXZ,0x00033A6E
?Reset_Collection@CullSystemClass@@QAEXXZ,0x008E21C0
?Scale@SegLineRendererClass@@QAEXM@Z,0x0095FF30
?Search_For_Node@?$IndexClass@HPAUINIEntry@@@@ABEPBUNodeElement@1@ABH@Z,0x009E2E60
?Search_For_Node@?$IndexClass@HPAUINISection@@@@ABEPBUNodeElement@1@ABH@Z,0x009E2FD0
?Set_Arrays@LineGroupClass@@QAEXPAV?$ShareBufferClass@VVector3@@@@0PAV?$ShareBufferClass@VVector4@@@@1PAV?$ShareBufferClass@I@@PAV?$ShareBufferClass@M@@3H@Z,0x0098EB00
?Set_Arrays@PointGroupClass@@QAEXPAV?$ShareBufferClass@VVector3@@@@PAV?$ShareBufferClass@VVector4@@@@PAV?$ShareBufferClass@I@@PAV?$ShareBufferClass@M@@PAV?$ShareBufferClass@E@@4HMMMM@Z,0x009126B0,derived from Render_Particles call sites
?Set_Flag@LineGroupClass@@QAEXW4FlagsType@1@_N@Z,0x0098E900,derived from ParticleBufferClass main ctor aligned call sites
?Set_Flag@PointGroupClass@@QAEXW4FlagsType@1@_N@Z,0x009120A0,derived from ParticleBufferClass main ctor aligned call sites
?Set_Force_Visible@RenderObjClass@@UAEXH@Z,0x0091F890,out-of-line in retail; GeneralsMD inlines the Bits OR
?Set_Frame_Row_Column_Count_Log2@PointGroupClass@@QAEXE@Z,0x00912130,derived from ParticleBufferClass main ctor aligned call sites
?Set_Line_Alpha@LineGroupClass@@QAEXM@Z,0x0098E8C0
?Set_Line_Color@LineGroupClass@@QAEXABVVector3@@@Z,0x0098EC00
?Set_Line_Mode@LineGroupClass@@QAEXW4LineModeType@1@@Z,0x0098E950,derived from ParticleBufferClass main ctor aligned call sites
?Set_Line_Size@LineGroupClass@@QAEXM@Z,0x0098E8A0
?Set_Line_UCoord@LineGroupClass@@QAEXM@Z,0x0098E8E0
?Set_Point_Alpha@PointGroupClass@@QAEXM@Z,0x00912020,derived from Render_Particles call sites
?Set_Point_Color@PointGroupClass@@QAEXVVector3@@@Z,0x009127B0,derived from Render_Particles call sites
?Set_Point_Frame@PointGroupClass@@QAEXE@Z,0x00912060,derived from Render_Particles call sites
?Set_Point_Mode@PointGroupClass@@QAEXW4PointModeEnum@1@@Z,0x00912080,derived from ParticleBufferClass main ctor aligned call sites
?Set_Point_Orientation@PointGroupClass@@QAEXE@Z,0x00912040,derived from Render_Particles call sites
?Set_Point_Size@PointGroupClass@@QAEXM@Z,0x00912000,derived from Render_Particles call sites
?Set_Shader@LineGroupClass@@QAEXABVShaderClass@@@Z,0x0098E940,derived from ParticleBufferClass main ctor aligned call sites
?Set_Shader@PointGroupClass@@QAEXVShaderClass@@@Z,0x009120E0,derived from ParticleBufferClass main ctor aligned call sites
?Set_Tail_Diffuse@LineGroupClass@@QAEXABVVector4@@@Z,0x0098EC40
?Set_Texture@LineGroupClass@@QAEXPAVTextureClass@@@Z,0x0098EC80
?Set_Texture@PointGroupClass@@QAEXPAVTextureClass@@@Z,0x009127F0
?Set_Texture@SegLineRendererClass@@QAEXPAVTextureClass@@@Z,0x00960050
?Start@ParticleEmitterClass@@QAEXXZ,0x0097F090
?String@CRC@@SAKPBDK@Z,0x009E7FD0
?Uninitialised_Grow@StringClass@@AAEXH@Z,0x009DBA70
?Update_Bounding_Box@ParticleBufferClass@@IAEXXZ,0x0098B460
?Update_Non_New_Particles@ParticleBufferClass@@IAEXI@Z,0x00988060
?Update_Visual_Particle_State@ParticleBufferClass@@IAEXXZ,0x00986FC0
?Write@ChunkSaveClass@@QAEKPBXK@Z,0x009E18A0
?_M_insert_overflow@?$vector@UHorzLine@@V?$allocator@UHorzLine@@@_STL@@@_STL@@IAEXPAUHorzLine@@ABU3@ABU__false_type@2@I_N@Z,0x00017FB2
?addArgType@GameMessageParser@@QAEXW4GameMessageArgumentDataType@@H@Z,0x0000B569,GameMessageParser::addArgType thunk
?appendBooleanArgument@GameMessage@@QAEX_N@Z,0x000032AB,GameMessage::appendBooleanArgument thunk
?appendDrawableIDArgument@GameMessage@@QAEXI@Z,0x000154BF,GameMessage::appendDrawableIDArgument thunk
?appendIntegerArgument@GameMessage@@QAEXH@Z,0x00001370,GameMessage::appendIntegerArgument thunk
?appendLocationArgument@GameMessage@@QAEXABUCoord3D@@@Z,0x00037AD8,GameMessage::appendLocationArgument thunk
?appendObjectIDArgument@GameMessage@@QAEXI@Z,0x0002BCEC,GameMessage::appendObjectIDArgument thunk
?appendPixelArgument@GameMessage@@QAEXABUICoord2D@@@Z,0x0002EA41,GameMessage::appendPixelArgument thunk
?appendPixelRegionArgument@GameMessage@@QAEXABUIRegion2D@@@Z,0x00011DCE,GameMessage::appendPixelRegionArgument thunk
?appendRealArgument@GameMessage@@QAEXM@Z,0x00002608,GameMessage::appendRealArgument thunk
?appendTeamIDArgument@GameMessage@@QAEXI@Z,0x0000C522,GameMessage::appendTeamIDArgument thunk
?appendTimestampArgument@GameMessage@@QAEXI@Z,0x0000D558,GameMessage::appendTimestampArgument thunk
?appendWideCharArgument@GameMessage@@QAEXABG@Z,0x000028C9,GameMessage::appendWideCharArgument thunk
?getPath_UserData@GlobalData@@QBE?AVAsciiString@@XZ,0x000106EA,GlobalData::getPath_UserData thunk
?getframe@AdaptiveDeltaMotionChannelClass@@AAEMKK@Z,0x00977FF0
?hidePurchaseScience@ControlBar@@QAEXXZ,0x00020347
?hideSpecialPowerShortcut@ControlBar@@QAEXXZ,0x00041367
?initFromINI@INI@@QAEXPAXPBX@Z,0x008520A0,INI::initFromINI(void*, const void*) body
?makeDecoratedNameKey@ModuleFactory@@KAHABVAsciiString@@H@Z,0x0004B439,ModuleFactory::makeDecoratedNameKey thunk (body 0x00126260)
?nameToKey@NameKeyGenerator@@QAE?AW4NameKeyType@@PBD@Z,0x0003ADD7
?nstrdup@@YAPADPBD@Z,0x009E6410
?parseFXList@INI@@SAXPAV1@PAX1PBX@Z,0x00851EE0,INI::parseFXList body
?parseFXList@INI@@SAXPAV1@PAX1PBX@Z,0x00004B47,INI::parseFXList thunk
?readUnicodeString@@YA?AVUnicodeString@@PAU_iobuf@@@Z,0x000322F4,shared replay Unicode string reader thunk
?reserve@?$vector@UHorzLine@@V?$allocator@UHorzLine@@@_STL@@@_STL@@QAEXI@Z,0x0000DE95
?set@LayoutFilename@@QAEXPBDH@Z,0x00887D20
?spin@LockClass@FastCriticalSectionClass@@CIXPAI@Z,0x00026FA8,FastCriticalSectionClass::LockClass spin-acquire (shared out-of-line body reached via ILT thunk); StringClass locks resolve here
?strtrim@@YAPADPAD@Z,0x009E7EB0
?winBringToTop@GameWindow@@QAEHXZ,0x0000FE66
?winGetNextInLayout@GameWindow@@QAEPAV1@XZ,0x0002A414
?winGetPrevInLayout@GameWindow@@QAEPAV1@XZ,0x00005399
?winHide@GameWindow@@QAEHH@Z,0x00027F2A
?winSetLayout@GameWindow@@QAEHPAVWindowLayout@@@Z,0x00031881
?winSetNextInLayout@GameWindow@@QAEHPAV1@@Z,0x00035CF6
?winSetPrevInLayout@GameWindow@@QAEHPAV1@@Z,0x00015FB4
?xferRandomVariable@@YAXAAVXfer@@AAVGameClientRandomVariable@@@Z,0x0003EE32,H1 GameClientRandomVariable xfer helper (thunk; body 0x0010C4D0) — pinned, ideally matched in game_client_random_variable.cpp
_D3DXMatrixInverse@12,0x009FB321
_XMP_Fetch_Prime_Size,0x009E8140
_XMP_Fetch_Prime_Table,0x009E8130
_XMP_Is_Small_Prime,0x009E8CA0
__CIacos,0x009F7256
__CIasin,0x009F7D86
__CIpow,0x009F6FB2
___gameMemAllocPtr,0x0130E9B4,game memory-manager alloc fn ptr
___gameMemFreePtr,0x0130E9AC,game memory-manager free fn ptr (indirect call target)
__alloca_probe,0x009F6C60
__chkstk,0x009F6C60
__ftol2,0x009F6E38,MSVC float-to-int conversion helper (statically linked CRT)
__stringbase_isnone_cmp_char,0x00405E8,internal char string none-comparison helper
__stringbase_isnone_cmp_wchar,0x0041F3D,internal wide-char string none-comparison helper
__stringbase_isnotnone_cmp_char,0x00405E8,internal char string not-none comparison helper
__stringbase_isnotnone_cmp_wchar,0x0041F3D,internal wide-char string not-none comparison helper
_atexit,0x009F6E26,CRT atexit (registers static destructors)
_bfme_acos,0x009F7256,internal acos helper called by ACos
_bfme_asin,0x009F7D86,internal asin helper called by ASin
?evaluateBezSegmentAtT@BezierSegment@@QBEXMPAUCoord3D@@@Z,0x000059ED
??0BezierSegment@@QAE@XZ,0x00043A9A
??1WindowVideo@@QAE@XZ,0x000253E7
?begin@?$hashtable@U?$pair@QBVGameWindow@@PAVWindowVideo@@@_STL@@PBVGameWindow@@UhashConstGameWindowPtr@WindowVideoManager@@U?$_Select1st@U?$pair@QBVGameWindow@@PAVWindowVideo@@@_STL@@@2@U?$equal_to@PBVGameWindow@@@2@V?$allocator@U?$pair@QBVGameWindow@@PAVWindowVideo@@@_STL@@@2@@_STL@@QAE?AU?$_Ht_iterator@U?$pair@QBVGameWindow@@PAVWindowVideo@@@_STL@@U?$_Nonconst_traits@U?$pair@QBVGameWindow@@PAVWindowVideo@@@_STL@@@2@PBVGameWindow@@UhashConstGameWindowPtr@WindowVideoManager@@U?$_Select1st@U?$pair@QBVGameWindow@@PAVWindowVideo@@@_STL@@@2@U?$equal_to@PBVGameWindow@@@2@V?$allocator@U?$pair@QBVGameWindow@@PAVWindowVideo@@@_STL@@@2@@2@XZ,0x0003EE14
?clear@?$hashtable@U?$pair@QBVGameWindow@@PAVWindowVideo@@@_STL@@PBVGameWindow@@UhashConstGameWindowPtr@WindowVideoManager@@U?$_Select1st@U?$pair@QBVGameWindow@@PAVWindowVideo@@@_STL@@@2@U?$equal_to@PBVGameWindow@@@2@V?$allocator@U?$pair@QBVGameWindow@@PAVWindowVideo@@@_STL@@@2@@_STL@@QAEXXZ,0x000458BD
?erase@?$hashtable@U?$pair@QBVGameWindow@@PAVWindowVideo@@@_STL@@PBVGameWindow@@UhashConstGameWindowPtr@WindowVideoManager@@U?$_Select1st@U?$pair@QBVGameWindow@@PAVWindowVideo@@@_STL@@@2@U?$equal_to@PBVGameWindow@@@2@V?$allocator@U?$pair@QBVGameWindow@@PAVWindowVideo@@@_STL@@@2@@_STL@@QAEXABU?$_Ht_iterator@U?$pair@QBVGameWindow@@PAVWindowVideo@@@_STL@@U?$_Const_traits@U?$pair@QBVGameWindow@@PAVWindowVideo@@@_STL@@@2@PBVGameWindow@@UhashConstGameWindowPtr@WindowVideoManager@@U?$_Select1st@U?$pair@QBVGameWindow@@PAVWindowVideo@@@_STL@@@2@U?$equal_to@PBVGameWindow@@@2@V?$allocator@U?$pair@QBVGameWindow@@PAVWindowVideo@@@_STL@@@2@@2@@Z,0x0003FB98
?copyFrom@DictPair@Dict@@QAEXPAU12@@Z,0x00013E94
?ensureUnique@Dict@@AAEPAUDictPair@1@H_NPAU21@@Z,0x0002BF21
?releaseData@Dict@@AAEXXZ,0x00014475
?remove@Dict@@QAE_NW4NameKeyType@@@Z,0x000072B6
?set@UnicodeString@@QAEXABV1@@Z,0x00888530
?setPrep@Dict@@AAEPAUDictPair@1@W4NameKeyType@@W4DataType@1@@Z,0x00042749
??1GameMessageList@@UAE@XZ,0x0000E421
?getCommandTypeAsAsciiString@GameMessage@@SA?AVAsciiString@@W4Type@1@@Z,0x00040A1B
??$__copy@PAVAsciiString@@PAV1@H@_STL@@YAPAVAsciiString@@PAV1@00ABUrandom_access_iterator_tag@0@PAH@Z,0x00042EA6
??$__destroy_aux@PAVAsciiString@@@_STL@@YAXPAVAsciiString@@0ABU__false_type@0@@Z,0x00014AA1
??A?$hash_map@W4NameKeyType@@VDamageFX@@U?$hash@W4NameKeyType@@@rts@@U?$equal_to@W4NameKeyType@@@4@V?$allocator@U?$pair@$$CBW4NameKeyType@@VDamageFX@@@_STL@@@_STL@@@_STL@@QAEAAVDamageFX@@ABW4NameKeyType@@@Z,0x00032506
?clear@DamageFX@@QAEXXZ,0x00044297
?getNextToken@INI@@QAEPBDPBD@Z,0x00850970
?initFromINI@INI@@QAEXPAXPBUFieldParse@@@Z,0x008520A0
?parseCommonStuff@@YAXPAVINI@@PBQBDAAW4VeterancyLevel@@2AAW4DamageType@@3@Z,0x00065F80
?parseDurationUnsignedInt@INI@@SAXPAV1@PAX1PBX@Z,0x000324DE
?scanReal@INI@@SAMPBD@Z,0x008526E0
??0LList@@QAE@XZ,0x000057B8
??0SubsystemInterface@@QAE@XZ,0x009A1A30
??1SubsystemInterface@@UAE@XZ,0x009A1A40
?friend_getFinalOverride@Overridable@@QAEPAV1@XZ,0x00048C61
?calcNumPrereqUnitsOwned@ProductionPrerequisite@@ABEHPBVPlayer@@QAH@Z,0x000379B1
?erase@?$vector@UPrereqUnitRec@ProductionPrerequisite@@V?$allocator@UPrereqUnitRec@ProductionPrerequisite@@@_STL@@@_STL@@QAEPAUPrereqUnitRec@ProductionPrerequisite@@PAU34@0@Z,0x0001E632
?deposit@Money@@QAEXI_N@Z,0x00027D6D
?keyToName@NameKeyGenerator@@QAE?AVAsciiString@@W4NameKeyType@@@Z,0x0003EC7A
?parseInt@INI@@SAXPAV1@PAX1PBX@Z,0x00852A60
?getFinalOverride@Overridable@@QBEPBV1@XZ,0x000022BB
??$_M_insert_dispatch@U?$_List_iterator@UCoord3D@@U?$_Const_traits@UCoord3D@@@_STL@@@_STL@@@?$list@UCoord3D@@V?$allocator@UCoord3D@@@_STL@@@_STL@@QAEXU?$_List_iterator@UCoord3D@@U?$_Nonconst_traits@UCoord3D@@@_STL@@@1@U?$_List_iterator@UCoord3D@@U?$_Const_traits@UCoord3D@@@_STL@@@1@1ABU__false_type@1@@Z,0x00011E87
?erase@?$list@UCoord3D@@V?$allocator@UCoord3D@@@_STL@@@_STL@@QAE?AU?$_List_iterator@UCoord3D@@U?$_Nonconst_traits@UCoord3D@@@_STL@@@2@U32@0@Z,0x0004169B
?parsePercentToReal@INI@@SAXPAV1@PAX1PBX@Z,0x00852EE0
??$find@W4NameKeyType@@@?$_Rb_tree@W4NameKeyType@@U?$pair@$$CBW4NameKeyType@@VModuleTemplate@ModuleFactory@@@_STL@@U?$_Select1st@U?$pair@$$CBW4NameKeyType@@VModuleTemplate@ModuleFactory@@@_STL@@@3@U?$less@W4NameKeyType@@@3@V?$allocator@U?$pair@$$CBW4NameKeyType@@VModuleTemplate@ModuleFactory@@@_STL@@@3@@_STL@@QAE?AU?$_Rb_tree_iterator@U?$pair@$$CBW4NameKeyType@@VModuleTemplate@ModuleFactory@@@_STL@@U?$_Nonconst_traits@U?$pair@$$CBW4NameKeyType@@VModuleTemplate@ModuleFactory@@@_STL@@@2@@1@ABW4NameKeyType@@@Z,0x0000C054
??0AutoHealBehaviorModuleData@@QAE@XZ,0x000287C7
??0BattlePlanUpdateModuleData@@QAE@XZ,0x0003025B
??0DozerAIUpdateModuleData@@QAE@XZ,0x0002BFF8
??0FirestormDynamicGeometryInfoUpdateModuleData@@QAE@XZ,0x0001235A
??0FlightDeckBehaviorModuleData@@QAE@XZ,0x0000CC3E
??0GenerateMinefieldBehaviorModuleData@@QAE@XZ,0x0002B062
??0MissileAIUpdateModuleData@@QAE@XZ,0x00025EBE
??0PropagandaTowerBehaviorModuleData@@QAE@XZ,0x00010B2C
??0StealthUpdateModuleData@@QAE@XZ,0x00049AA3
??0TensileFormationUpdateModuleData@@QAE@XZ,0x000028AB
??1AIUpdateModuleData@@UAE@XZ,0x00887940
??1AudioEventRTS@@UAE@XZ,0x0002671F
?initFromINIMultiProc@INI@@QAEXPAXP6AXAAVMultiIniFieldParse@@@Z@Z,0x00852130
?makeDecoratedNameKey@ModuleFactory@@KA?AW4NameKeyType@@ABVAsciiString@@W4ModuleType@@@Z,0x0004B439
??1Snapshot@@QAE@XZ,0x009A1A40
?init@WinInstanceData@@QAEXXZ,0x00021EC7
??$__copy@PAUVideo@@PAU1@H@_STL@@YAPAUVideo@@PAU1@00ABUrandom_access_iterator_tag@0@PAH@Z,0x000112FC
??1Video@@QAE@XZ,0x0001642D
?addToBuildList@SidesInfo@@QAEXPAVBuildListInfo@@H@Z,0x0000DD9B
?clear@Dict@@QAEXXZ,0x00033F46
?removeFromBuildList@SidesInfo@@QAEHPAVBuildListInfo@@@Z,0x0000A5A6
?_M_insert_overflow@?$vector@W4ObjectID@@V?$allocator@W4ObjectID@@@_STL@@@_STL@@IAEXPAW4ObjectID@@ABW43@ABU__false_type@2@I_N@Z,0x00033DAC
?parseBitString32@INI@@SAXPAV1@PAX1PBX@Z,0x00850E70
?getNextMission@Campaign@@QAEPAVMission@@PAV2@@Z,0x0003236C
?_M_insert_overflow@?$vector@PBVFXList@@V?$allocator@PBVFXList@@@_STL@@@_STL@@IAEXPAPBVFXList@@ABQBV3@ABU__true_type@2@I_N@Z,0x00044FC1
?doFXPos@FXList@@IBEXPBUCoord3D@@PBVMatrix3D@@M0M@Z,0x0003E360
?findFXList@FXListStore@@QBEPBVFXList@@PBD@Z,0x0001EDE9
?getNextTokenOrNull@INI@@QAEPBDPBD@Z,0x008509C0
?scanIndexList@INI@@SAHPBDPBQBD@Z,0x008509E0
?initTimes@BoneFXUpdate@@IAEXXZ,0x0002F775
?killRunningParticleSystems@BoneFXUpdate@@IAEXXZ,0x0000628F
?parseDurationReal@INI@@SAXPAV1@PAX1PBX@Z,0x0003D9B0
?getName@SpecialPowerTemplate@@QBE?AVAsciiString@@XZ,0x00005682
?parseWeaponTemplate@INI@@SAXPAV1@PAX1PBX@Z,0x0000CBDF
?friend_awakenUpdateModule@GameLogic@@QAEXPAVObject@@PAVUpdateModule@@I@Z,0x00009944
?normalizeAngle@@YAMM@Z,0x0000991C
?Set_Name@GameFileClass@@UAEPBDPBD@Z,0x00006F05
?openFile@FileSystem@@QAEPAVFile@@PBDH@Z,0x009C8860
??0ArchiveFile@@QAE@XZ,0x009D10B0
??0GhostObjectManager@@QAE@XZ,0x00008652
?winGetWindowId@GameWindow@@QAEHXZ,0x000188A4
?winHide@GameWindow@@QAEH_N@Z,0x00027F2A
?winIsHidden@GameWindow@@QAE_NXZ,0x0003A5B7
??0DisplayStringManager@@QAE@XZ,0x0000F7A9
??0PlayerTemplate@@QAE@ABV0@@Z,0x0001449D
??0PlayerTemplate@@QAE@XZ,0x0003E6E4
??1PlayerTemplate@@QAE@XZ,0x000181CE
??4PlayerTemplate@@QAEAAV0@ABV0@@Z,0x000050F6
?_M_insert_overflow@?$vector@VPlayerTemplate@@V?$allocator@VPlayerTemplate@@@_STL@@@_STL@@IAEXPAVPlayerTemplate@@ABV3@ABU__false_type@2@I_N@Z,0x0003059E
??4TRoadSegInfo@@QAEAAU0@ABU0@@Z,0x000015EB
?loadFloat4PtSection@W3DRoadBuffer@@IAEXPAVRoadSegment@@VVector2@@11PAV3@MMMM@Z,0x000346DF
??$_Destroy@PAVProductionPrerequisite@@@_STL@@YAXPAVProductionPrerequisite@@0@Z,0x00011D47
??$_M_allocate_and_copy@PBVProductionPrerequisite@@@?$vector@VProductionPrerequisite@@V?$allocator@VProductionPrerequisite@@@_STL@@@_STL@@IAEPAVProductionPrerequisite@@IPBV2@0@Z,0x00014961
??$__copy@PBVProductionPrerequisite@@PAV1@H@_STL@@YAPAVProductionPrerequisite@@PBV1@0PAV1@ABUrandom_access_iterator_tag@0@PAH@Z,0x000078E7
??$__uninitialized_copy@PBVProductionPrerequisite@@PAV1@@_STL@@YAPAVProductionPrerequisite@@PBV1@0PAV1@ABU__false_type@0@@Z,0x0001FFEB
?_M_clear@?$vector@VProductionPrerequisite@@V?$allocator@VProductionPrerequisite@@@_STL@@@_STL@@IAEXXZ,0x0001FE92
?_M_insert_overflow@?$vector@VWeaponTemplateSet@@V?$allocator@VWeaponTemplateSet@@@_STL@@@_STL@@IAEXPAVWeaponTemplateSet@@ABV3@ABU__false_type@2@I_N@Z,0x0001636F
?_M_insert_overflow@?$vector@W4ScienceType@@V?$allocator@W4ScienceType@@@_STL@@@_STL@@IAEXPAW4ScienceType@@ABW43@ABU__false_type@2@I_N@Z,0x00023588
?findControlBarOverride@GameLogic@@QBE_NABVAsciiString@@HAAPBVCommandButton@@@Z,0x00002509
?getMode@RecorderClass@@QAE?AW4RecorderModeType@@XZ,0x00043EEB
?getRelationship@Object@@QBE?AW4Relationship@@PBV1@@Z,0x0004A719
?setDefaultControlBarConfig@ControlBar@@IAEXXZ,0x00043E73
?setLowControlBarConfig@ControlBar@@IAEXXZ,0x0002FA6D
?winClearStatus@GameWindow@@QAEII@Z,0x00027B24
?winSetEnabledImage@GameWindow@@QAEHHPBVImage@@@Z,0x00035E09
?winSetStatus@GameWindow@@QAEII@Z,0x00033523
?winSetPosition@GameWindow@@QAEHHH@Z,0x0001949D
??0TileData@@QAE@XZ,0x0003B6B5
?getAsciiString@Dict@@QBE?AVAsciiString@@W4NameKeyType@@PA_N@Z,0x0002FF6D
?getModelVertices@W3DBridge@@IAEHPAUVertexFormatXYZNDUV1@@HMAAVVector3@@111ABVMatrix3D@@PAVMeshClass@@PAV?$RefMultiListIterator@VRenderObjClass@@@@@Z,0x0001B14E
?loadBridgesInVertexAndIndexBuffers@W3DBridgeBuffer@@IAEXPAV?$RefMultiListIterator@VRenderObjClass@@@@@Z,0x000367EB
?getNewPushButtonData@@YAPAU_PushButtonData@@XZ,0x00012765
?winGetInstanceData@GameWindow@@QAEPAVWinInstanceData@@XZ,0x00034991
?winGetStatus@GameWindow@@QAEIXZ,0x00023DDA
?winGetUserData@GameWindow@@QAEPAXXZ,0x00046538
?winSetUserData@GameWindow@@QAEXPAX@Z,0x00002E69
?addWaypointLink@TerrainLogic@@IAEXHH@Z,0x00038B77
?readInt@DataChunkInput@@QAEHXZ,0x0003A805
?onEnter@AIInternalMoveToState@@UAE?AW4StateReturnType@@XZ,0x00021E27
?update@AIInternalMoveToState@@UAE?AW4StateReturnType@@XZ,0x000488F6
?GadgetTabControlShowSubPane@@YAXPAVGameWindow@@H@Z,0x00008936
?winGetChild@GameWindow@@QAEPAV1@XZ,0x00017DF5
?winGetNext@GameWindow@@QAEPAV1@XZ,0x0000D2B0
?winGetPrev@GameWindow@@QAEPAV1@XZ,0x0000DDF5
?winGetScreenPosition@GameWindow@@QAEHPAH0@Z,0x0002F94B
?winGetSize@GameWindow@@QAEHPAH0@Z,0x00036EBC
?winSetSize@GameWindow@@QAEHHH@Z,0x000482AC
?applyTopplingForce@ToppleUpdate@@QAEXPBUCoord3D@@MI@Z,0x0003FC97
?findModule@Object@@IBEPAVModule@@W4NameKeyType@@@Z,0x0002AE23
?isAbleToBeToppled@ToppleUpdate@@QBE_NXZ,0x0000678A
?getID@AIGroup@@QAEIXZ,0x000131DD
?getSciencePurchaseCost@ScienceStore@@QBEHW4ScienceType@@@Z,0x00002BFD
?parseScience@INI@@SAXPAV1@PAX1PBX@Z,0x0001393A
?getID@Drawable@@QBE?AW4DrawableID@@XZ,0x00009B01
?releaseBuffer@UnicodeString@@IAEXXZ,0x009409F0
?getPercentage@NetProgressCommandMsg@@QAEEXZ,0x000157A3
?insert_unique@?$_Rb_tree@GU?$pair@$$CBGE@_STL@@U?$_Select1st@U?$pair@$$CBGE@_STL@@@2@U?$less@G@2@V?$allocator@U?$pair@$$CBGE@_STL@@@2@@_STL@@QAE?AU?$_Rb_tree_iterator@U?$pair@$$CBGE@_STL@@U?$_Nonconst_traits@U?$pair@$$CBGE@_STL@@@2@@2@U32@ABU?$pair@$$CBGE@2@@Z,0x0000DE77
?processProgress@GameLogic@@QAEXHH@Z,0x0002E66D
??0Network@@QAE@XZ,0x00029C12
?isPacketRouter@ConnectionManager@@QAE_NXZ,0x00044139
??0BFMEAutoLockRef@@QAE@PAVBFMENetworkLock@@I@Z,0x009DB3B0,native BFME lock-ref acquire helper
?copyFromQueueNode@BFMENetworkQueueItem@@QAEXPAX@Z,0x00030C60,native BFME queue item copy helper for wrapper queue +0x14
?popFront@BFMENetworkQueue@@QAEXXZ,0x0002491A,native BFME queue pop helper for wrapper queue +0x14
?copyFromQueueNode@BFMENetworkQueueItem1@@QAEXPAX@Z,0x00032F6A,native BFME queue item copy helper for wrapper queue +0x3c
?popFront@BFMENetworkQueue1@@QAEXXZ,0x00023592,native BFME queue pop helper for wrapper queue +0x3c
??0CullNodeStruct@AABTreeBuilderClass@@QAE@XZ,0x0096B500
??4SplitChoiceStruct@AABTreeBuilderClass@@QAEAAU01@ABU01@@Z,0x0096B6B0
?pop@Shell@@QAEXXZ,0x00006AAA
?parseMappedImage@INI@@SAXPAV1@PAX1PBX@Z,0x0000FC3B
?storeImage@Anim2DTemplate@@QAEXPBVImage@@@Z,0x0001CF0D
??0Vector3HollowSphereRandomizer@@QAE@M@Z,0x00B02350
??0Vector3SolidSphereRandomizer@@QAE@M@Z,0x00B02250
?Convert_Shader@W3dUtilityClass@@SAXABVShaderClass@@PAUW3dShaderStruct@@@Z,0x00978820
??$__copy@U?$_Bit_iter@U_Bit_reference@_STL@@PAU12@@_STL@@U12@H@_STL@@YA?AU?$_Bit_iter@U_Bit_reference@_STL@@PAU12@@0@U10@00ABUrandom_access_iterator_tag@0@PAH@Z,0x0000F682
??0?$_STLP_alloc_proxy@PAIIV?$allocator@I@_STL@@@_STL@@QAE@ABV?$allocator@I@1@PAI@Z,0x00031039
?_M_fill_insert@?$vector@_NV?$allocator@_N@_STL@@@_STL@@QAEXU?$_Bit_iter@U_Bit_reference@_STL@@PAU12@@2@I_N@Z,0x0000886E
?_M_insert_aux@?$vector@_NV?$allocator@_N@_STL@@@_STL@@IAEXU?$_Bit_iter@U_Bit_reference@_STL@@PAU12@@2@_N@Z,0x0002CB5B
?Set@Matrix3D@@QAEXABVMatrix3x3@@ABVVector3@@@Z,0x00964150
?Collide@CollisionMath@@SA_NABVLineSegClass@@ABVOBBoxClass@@PAUCastResultStruct@@@Z,0x008DAD70
?Collide@CollisionMath@@SA_NABVOBBoxClass@@ABVVector3@@ABVTriClass@@1PAUCastResultStruct@@@Z,0x008E7180
?Get_Name@MeshGeometryClass@@QBEPBDXZ,0x00924C30
?Remove_Polygon_Renderer@DX8TextureCategoryClass@@QAEXPAVDX8PolygonRendererClass@@@Z,0x00947D30
??0FastAllocatorGeneral@@QAE@XZ,0x00B027B0
??$__find@U?$_Rb_tree_iterator@HU?$_Const_traits@H@_STL@@@_STL@@H@_STL@@YA?AU?$_Rb_tree_iterator@HU?$_Const_traits@H@_STL@@@0@U10@0ABHABUinput_iterator_tag@0@@Z,0x0004093A
?Get_Shader_Array@MeshMatDescClass@@QAEPAVShaderClass@@H_N@Z,0x0092BF50
??0MaterialCollectorClass@@QAE@XZ,0x00931070
??$find@W4NameKeyType@@@?$_Rb_tree@W4NameKeyType@@U?$pair@$$CBW4NameKeyType@@VObjectCreationList@@@_STL@@U?$_Select1st@U?$pair@$$CBW4NameKeyType@@VObjectCreationList@@@_STL@@@3@U?$less@W4NameKeyType@@@3@V?$allocator@U?$pair@$$CBW4NameKeyType@@VObjectCreationList@@@_STL@@@3@@_STL@@QBE?AU?$_Rb_tree_iterator@U?$pair@$$CBW4NameKeyType@@VObjectCreationList@@@_STL@@U?$_Const_traits@U?$pair@$$CBW4NameKeyType@@VObjectCreationList@@@_STL@@@2@@1@ABW4NameKeyType@@@Z,0x0001CDEB
??A?$map@W4NameKeyType@@VObjectCreationList@@U?$less@W4NameKeyType@@@_STL@@V?$allocator@U?$pair@$$CBW4NameKeyType@@VObjectCreationList@@@_STL@@@4@@_STL@@QAEAAVObjectCreationList@@ABW4NameKeyType@@@Z,0x00049968
?_M_insert_overflow@?$vector@PAVObjectCreationNugget@@V?$allocator@PAVObjectCreationNugget@@@_STL@@@_STL@@IAEXPAPAVObjectCreationNugget@@ABQAV3@ABU__true_type@2@I_N@Z,0x0002B6E8
??$_M_find@VAsciiString@@@?$hashtable@U?$pair@$$CBVAsciiString@@PAVParticleSystemTemplate@@@_STL@@VAsciiString@@U?$hash@VAsciiString@@@rts@@U?$_Select1st@U?$pair@$$CBVAsciiString@@PAVParticleSystemTemplate@@@_STL@@@2@U?$equal_to@VAsciiString@@@5@V?$allocator@U?$pair@$$CBVAsciiString@@PAVParticleSystemTemplate@@@_STL@@@2@@_STL@@ABEPAU?$_Hashtable_node@U?$pair@$$CBVAsciiString@@PAVParticleSystemTemplate@@@_STL@@@1@ABVAsciiString@@@Z,0x0000F727
?parseRGBColor@INI@@SAXPAV1@PAX1PBX@Z,0x00852F50
?parseUnsignedInt@INI@@SAXPAV1@PAX1PBX@Z,0x00852AC0
?scanUnsignedInt@INI@@SAIPBD@Z,0x00852680
??$uninitialized_fill_n@PAEIE@_STL@@YAPAEPAEIABE@Z,0x0003932E
??4?$vector@UICoord2D@@V?$allocator@UICoord2D@@@_STL@@@_STL@@QAEAAV01@ABV01@@Z,0x00018A70
?_M_insert_overflow@?$vector@EV?$allocator@E@_STL@@@_STL@@IAEXPAEABEABU__true_type@2@I_N@Z,0x0002F20C
?clearAllEvents@Radar@@IAEXXZ,0x00028C27
?deleteListResources@Radar@@IAEXXZ,0x0002C976
?localPixelToRadar@Radar@@QAE_NPBUICoord2D@@PAU2@@Z,0x00004D59
?searchListForRadarLocationMatch@Radar@@IAEPAVObject@@PAVRadarObject@@PAUICoord2D@@@Z,0x0000C6DA
?createEvent@Radar@@QAEXPBUCoord3D@@W4RadarEventType@@M@Z,0x00008B8E
?createNamedMapReveal@ScriptEngine@@QAEXABVAsciiString@@0M0@Z,0x0002C8EA
?doNamedMapReveal@ScriptEngine@@QAEXABVAsciiString@@@Z,0x0001FC3F
?doSkyBoxSet@@YAX_N@Z,0x00029AC8
?groupAttackObjectPrivate@AIGroup@@AAEX_NPAVObject@@HW4CommandSourceType@@@Z,0x00041CD1
?evaluateTeamInsideAreaEntirely@ScriptConditions@@IAE_NPAVParameter@@00@Z,0x00013219
?evaluateTeamInsideAreaPartially@ScriptConditions@@IAE_NPAVParameter@@00@Z,0x0004A8E0
?WriteConditionDataChunk@Condition@@SAXAAVDataChunkOutput@@PAV1@@Z,0x0003DA91
?closeDataChunk@DataChunkOutput@@QAEXXZ,0x00004B42
?openDataChunk@DataChunkOutput@@QAEXPADG@Z,0x0003A256
??1?$_Rb_tree@PBVThingTemplate@@U?$pair@QBVThingTemplate@@H@_STL@@U?$_Select1st@U?$pair@QBVThingTemplate@@H@_STL@@@3@U?$less@PBVThingTemplate@@@3@V?$allocator@U?$pair@QBVThingTemplate@@H@_STL@@@3@@_STL@@QAE@XZ,0x0003D61D
?selectFriends@SelectionTranslator@@AAE_NPAVDrawable@@PAVGameMessage@@_N@Z,0x000282B8
?parseReal@INI@@SAXPAV1@PAX1PBX@Z,0x00852B20
?setOrientation@Thing@@QAEXM@Z,0x000399A5
?setTransformMatrix@Thing@@QAEXPBVMatrix3D@@@Z,0x00023D49
?stopAllBoneFX@BoneFXUpdate@@QAEXXZ,0x0002728C
??8?$VectorClass@H@@UBE_NABV0@@Z,0x00AFEDF0
?insertTee@W3DRoadBuffer@@IAEXVVector2@@HM@Z,0x00007522,ILT thunk to 0x70BC00
?insert4Way@W3DRoadBuffer@@IAEXVVector2@@HM@Z,0x00032B96,ILT thunk to 0x706310
?_M_allocate@?$__node_alloc@$00$0A@@_STL@@CAPAXI@Z,0x00082E540,STLport _Node_alloc::_M_allocate called by list<Coord3D> copy ctor
?GetGameLogicRandomValueReal@@YAMMMPADH@Z,0x0002CCA5
